URL,Zuletzt gecrawlt
https://sparklebox.blog/crafting-your-surreal-soiree-transform-spaces-with-dreamlike-ambiance/jasper_2025-03-09t06:19:44-246z/,2025-07-28
https://sparklebox.blog/budget-friendly-suril-soirees-dream-decor-ideas/jasper_2025-03-07t20:14:33-876z/,2025-07-28
https://sparklebox.blog/budget-friendly-suril-soirees-dream-decor-ideas/jasper_2025-03-07t20:12:28-523z/,2025-07-28
https://sparklebox.blog/10-wild-beauty-tools-to-elevate-your-self-care-in-2025/jasper_2025-03-05t19:54:10-528z/,2025-07-28
https://sparklebox.blog/whimsical-fashion-trends-2025/jasper_2025-03-04t20:02:28-427z/,2025-07-27
https://sparklebox.blog/crafting-your-surreal-soiree-transform-spaces-with-dreamlike-ambiance/jasper_2025-03-09t06:17:17-391z/,2025-07-26
https://sparklebox.blog/crafting-your-surreal-soiree-transform-spaces-with-dreamlike-ambiance/jasper_2025-03-09t06:26:05-238z/,2025-07-26
https://sparklebox.blog/budget-friendly-suril-soirees-dream-decor-ideas/jasper_2025-03-07t20:08:44-483z/,2025-07-26
https://sparklebox.blog/budget-friendly-suril-soirees-dream-decor-ideas/jasper_2025-03-07t20:11:14-716z/,2025-07-26
https://sparklebox.blog/budget-friendly-suril-soirees-dream-decor-ideas/jasper_2025-03-07t20:04:48-894z/,2025-07-26
https://sparklebox.blog/affordable-longevity-hacks-inspired-by-bryan-johnson/jasper_2025-02-26t20:36:31-955z_upscaled/,2025-07-26
https://sparklebox.blog/budget-friendly-suril-soirees-dream-decor-ideas/jasper_2025-03-07t20:06:55-535z/,2025-07-26
https://sparklebox.blog/crafting-your-surreal-soiree-transform-spaces-with-dreamlike-ambiance/jasper_2025-03-09t06:27:27-019z/,2025-07-26
https://sparklebox.blog/whimsical-fashion-trends-2025/jasper_2025-03-04t20:13:55-144z/,2025-07-26
https://sparklebox.blog/diy-natural-exfoliators-for-glowing-summer-skin-guide/jasper_2025-02-08t10:42:23-832z_upscaled/,2025-07-26
https://sparklebox.blog/boho-knitwear-for-spring-the-cozy-chic-trend-loved-by-all/jasper_2025-02-24t07:35:34-253z_upscaled/,2025-07-26
https://sparklebox.blog/crafting-your-surreal-soiree-transform-spaces-with-dreamlike-ambiance/jasper_2025-03-09t06:21:53-202z/,2025-07-26
https://sparklebox.blog/surreal-soirees-are-2025s-trendiest-events/jasper_2025-02-22t17:20:28-840z_upscaled/,2025-07-26
https://sparklebox.blog/whimsical-fashion-trends-2025/jasper_2025-03-04t20:04:50-115z/,2025-07-26
https://sparklebox.blog/10-wild-beauty-tools-to-elevate-your-self-care-in-2025/jasper_2025-03-05t19:49:25-969z/,2025-07-26
https://sparklebox.blog/10-wild-beauty-tools-to-elevate-your-self-care-in-2025/jasper_2025-03-05t19:45:48-746z/,2025-07-26
https://sparklebox.blog/simple-morning-rituals-to-start-your-day-right/jasper_2025-03-02t19:07:26-647z_upscaled/,2025-07-24
https://sparklebox.blog/10-wild-beauty-tools-to-elevate-your-self-care-in-2025/jasper_2025-03-05t19:23:15-664z/,2025-07-24
https://sparklebox.blog/ai-driven-fairytales-and-folklore-fashion-the-future-of-enchanting-style/jasper_2025-03-15t08:38:31-205z/,2025-07-24
https://sparklebox.blog/ai-driven-fairytales-and-folklore-fashion-the-future-of-enchanting-style/jasper_2025-03-15t08:38:36-903z/,2025-07-24
https://sparklebox.blog/10-wild-beauty-tools-to-elevate-your-self-care-in-2025/jasper_2025-03-05t19:51:23-273z/,2025-07-24
https://sparklebox.blog/beginners-guide-to-the-75-soft-challenge/jasper_2025-03-01t09:18:00-443z_upscaled/,2025-07-24
https://sparklebox.blog/whimsical-fashion-trends-2025/jasper_2025-03-04t20:09:41-262z/,2025-07-24
https://sparklebox.blog/about/,2025-07-22
https://sparklebox.blog/conf,2025-07-22
https://sparklebox.blog/2025/02/06/transform-your-life-in-just-15-days/,2025-07-04
https://sparklebox.blog/2025/03/15/ai-driven-fairytales-and-folklore-fashion-the-future-of-enchanting-style/jasper_2025-03-15t08:38:31-205z/,2025-05-15
https://sparklebox.blog/2025/03/04/whimsical-fashion-trends-2025/jasper_2025-03-04t20:04:50-115z/,2025-05-15
https://sparklebox.blog/2025/03/07/budget-friendly-suril-soirees-dream-decor-ideas/jasper_2025-03-07t20:11:14-716z/,2025-05-15
https://sparklebox.blog/2025/03/09/crafting-your-surreal-soiree-transform-spaces-with-dreamlike-ambiance/jasper_2025-03-09t06:26:05-238z/,2025-05-15
https://sparklebox.blog/2025/03/07/budget-friendly-suril-soirees-dream-decor-ideas/jasper_2025-03-07t20:06:55-535z/,2025-05-15
https://sparklebox.blog/2025/03/04/whimsical-fashion-trends-2025/jasper_2025-03-04t20:09:41-262z/,2025-05-15
https://sparklebox.blog/2025/03/05/10-wild-beauty-tools-to-elevate-your-self-care-in-2025/jasper_2025-03-05t19:54:10-528z/,2025-05-15
https://sparklebox.blog/2025/03/07/budget-friendly-suril-soirees-dream-decor-ideas/jasper_2025-03-07t20:08:44-483z/,2025-05-15
https://sparklebox.blog/2025/03/09/crafting-your-surreal-soiree-transform-spaces-with-dreamlike-ambiance/jasper_2025-03-09t06:21:53-202z/,2025-05-15
https://sparklebox.blog/2025/03/09/crafting-your-surreal-soiree-transform-spaces-with-dreamlike-ambiance/jasper_2025-03-09t06:19:44-246z/,2025-05-15
https://sparklebox.blog/2025/03/04/whimsical-fashion-trends-2025/jasper_2025-03-04t20:13:55-144z/,2025-05-15
https://sparklebox.blog/2025/03/05/10-wild-beauty-tools-to-elevate-your-self-care-in-2025/jasper_2025-03-05t19:51:23-273z/,2025-05-15
https://sparklebox.blog/2025/03/05/10-wild-beauty-tools-to-elevate-your-self-care-in-2025/jasper_2025-03-05t19:49:25-969z/,2025-05-15
https://sparklebox.blog/2025/03/05/10-wild-beauty-tools-to-elevate-your-self-care-in-2025/jasper_2025-03-05t19:23:15-664z/,2025-05-15
https://sparklebox.blog/2025/03/09/crafting-your-surreal-soiree-transform-spaces-with-dreamlike-ambiance/jasper_2025-03-09t06:17:17-391z/,2025-05-15
https://sparklebox.blog/2025/03/05/10-wild-beauty-tools-to-elevate-your-self-care-in-2025/jasper_2025-03-05t19:45:48-746z/,2025-05-15
https://sparklebox.blog/2025/03/07/budget-friendly-suril-soirees-dream-decor-ideas/jasper_2025-03-07t20:12:28-523z/,2025-05-15
https://sparklebox.blog/2025/03/09/crafting-your-surreal-soiree-transform-spaces-with-dreamlike-ambiance/jasper_2025-03-09t06:27:27-019z/,2025-05-15
https://sparklebox.blog/2025/03/04/whimsical-fashion-trends-2025/jasper_2025-03-04t20:02:28-427z/,2025-05-15
https://sparklebox.blog/2025/03/15/ai-driven-fairytales-and-folklore-fashion-the-future-of-enchanting-style/jasper_2025-03-15t08:38:36-903z/,2025-05-15
https://sparklebox.blog/2025/03/07/budget-friendly-suril-soirees-dream-decor-ideas/jasper_2025-03-07t20:04:48-894z/,2025-05-15
https://sparklebox.blog/2025/03/07/budget-friendly-suril-soirees-dream-decor-ideas/jasper_2025-03-07t20:14:33-876z/,2025-05-15